<?xml version="1.0" encoding="UTF-8"?><rss version="2.0"
	xmlns:content="http://purl.org/rss/1.0/modules/content/"
	xmlns:wfw="http://wellformedweb.org/CommentAPI/"
	xmlns:dc="http://purl.org/dc/elements/1.1/"
	xmlns:atom="http://www.w3.org/2005/Atom"
	xmlns:sy="http://purl.org/rss/1.0/modules/syndication/"
	xmlns:slash="http://purl.org/rss/1.0/modules/slash/"
	>

<channel>
	<title>portofolio muhammat suchaimi</title>
	<atom:link href="./index.html" rel="self" type="application/rss+xml" />
	<link>./../index.html</link>
	<description></description>
	<lastBuildDate>Tue, 05 Sep 2023 15:39:57 +0000</lastBuildDate>
	<language>en-US</language>
	<sy:updatePeriod>
	hourly	</sy:updatePeriod>
	<sy:updateFrequency>
	1	</sy:updateFrequency>
	<generator>https://wordpress.org/?v=6.3.1</generator>
	<item>
		<title>Dieng Culture Festival Wonosobo</title>
		<link>./../dieng-culture-festival-wonosobo/index.html</link>
					<comments>./../dieng-culture-festival-wonosobo/index.html#respond</comments>
		
		<dc:creator><![CDATA[omsisu2003]]></dc:creator>
		<pubDate>Tue, 05 Sep 2023 15:35:41 +0000</pubDate>
				<category><![CDATA[Blog]]></category>
		<guid isPermaLink="false">./../index.html?p=1042</guid>

					<description><![CDATA[Dieng culture festival 2022 Jika anda dari arah barat anda bisa melewati jalur purwokerto – purbalingga – banjarnegara – Wonosobo – lalu tiba di Dieng. Jika anda dari arah utara (semarang / kendal / batang ) anda bisa melewati jalur weleri – nagadirejo – jumprit – Dieng atau juga bisa melewati jalur kotayang lebih lebar [&#8230;]]]></description>
										<content:encoded><![CDATA[		<div data-elementor-type="wp-post" data-elementor-id="1042" class="elementor elementor-1042">
									<section class="elementor-section elementor-top-section elementor-element elementor-element-9d90e09 elementor-section-boxed elementor-section-height-default elementor-section-height-default wpr-particle-no wpr-jarallax-no wpr-parallax-no wpr-sticky-section-no" data-id="9d90e09" data-element_type="section">
						<div class="elementor-container elementor-column-gap-default">
					<div class="elementor-column elementor-col-100 elementor-top-column elementor-element elementor-element-d8e5326" data-id="d8e5326" data-element_type="column">
			<div class="elementor-widget-wrap elementor-element-populated">
								<div class="elementor-element elementor-element-2d0dee1 elementor-widget elementor-widget-heading" data-id="2d0dee1" data-element_type="widget" data-widget_type="heading.default">
				<div class="elementor-widget-container">
			<style>/*! elementor - v3.15.0 - 20-08-2023 */
.elementor-heading-title{padding:0;margin:0;line-height:1}.elementor-widget-heading .elementor-heading-title[class*=elementor-size-]>a{color:inherit;font-size:inherit;line-height:inherit}.elementor-widget-heading .elementor-heading-title.elementor-size-small{font-size:15px}.elementor-widget-heading .elementor-heading-title.elementor-size-medium{font-size:19px}.elementor-widget-heading .elementor-heading-title.elementor-size-large{font-size:29px}.elementor-widget-heading .elementor-heading-title.elementor-size-xl{font-size:39px}.elementor-widget-heading .elementor-heading-title.elementor-size-xxl{font-size:59px}</style><h2 class="elementor-heading-title elementor-size-default">Dieng culture festival 2022</h2>		</div>
				</div>
				<section class="elementor-section elementor-inner-section elementor-element elementor-element-bd08b3b elementor-section-boxed elementor-section-height-default elementor-section-height-default wpr-particle-no wpr-jarallax-no wpr-parallax-no wpr-sticky-section-no" data-id="bd08b3b" data-element_type="section">
						<div class="elementor-container elementor-column-gap-default">
					<div class="elementor-column elementor-col-50 elementor-inner-column elementor-element elementor-element-3bce0f7" data-id="3bce0f7" data-element_type="column">
			<div class="elementor-widget-wrap elementor-element-populated">
								<div class="elementor-element elementor-element-e607182 elementor-widget elementor-widget-image" data-id="e607182" data-element_type="widget" data-widget_type="image.default">
				<div class="elementor-widget-container">
			<style>/*! elementor - v3.15.0 - 20-08-2023 */
.elementor-widget-image{text-align:center}.elementor-widget-image a{display:inline-block}.elementor-widget-image a img[src$=".svg"]{width:48px}.elementor-widget-image img{vertical-align:middle;display:inline-block}</style>												<img decoding="async" fetchpriority="high" width="960" height="720" src="./../wp-content/uploads/2023/09/DCF-1024x768.jpg" class="attachment-large size-large wp-image-945" alt="" srcset="./../wp-content/uploads/2023/09/DCF-1024x768.jpg 1024w, ./../wp-content/uploads/2023/09/DCF-300x225.jpg 300w, ./../wp-content/uploads/2023/09/DCF-768x576.jpg 768w, ./../wp-content/uploads/2023/09/DCF-1536x1152.jpg 1536w, ./../wp-content/uploads/2023/09/DCF.jpg 1600w" sizes="(max-width: 960px) 100vw, 960px" />															</div>
				</div>
				<div class="elementor-element elementor-element-dae84d0 elementor-widget elementor-widget-text-editor" data-id="dae84d0" data-element_type="widget" data-widget_type="text-editor.default">
				<div class="elementor-widget-container">
			<style>/*! elementor - v3.15.0 - 20-08-2023 */
.elementor-widget-text-editor.elementor-drop-cap-view-stacked .elementor-drop-cap{background-color:#69727d;color:#fff}.elementor-widget-text-editor.elementor-drop-cap-view-framed .elementor-drop-cap{color:#69727d;border:3px solid;background-color:transparent}.elementor-widget-text-editor:not(.elementor-drop-cap-view-default) .elementor-drop-cap{margin-top:8px}.elementor-widget-text-editor:not(.elementor-drop-cap-view-default) .elementor-drop-cap-letter{width:1em;height:1em}.elementor-widget-text-editor .elementor-drop-cap{float:left;text-align:center;line-height:1;font-size:50px}.elementor-widget-text-editor .elementor-drop-cap-letter{display:inline-block}</style>				<ol><li>Jika anda dari arah barat anda bisa melewati jalur purwokerto – purbalingga – banjarnegara – Wonosobo – lalu tiba di Dieng.</li><li>Jika anda dari arah utara (semarang / kendal / batang ) anda bisa melewati jalur weleri – nagadirejo – jumprit – Dieng atau juga bisa melewati jalur kotayang lebih lebar dari ngadirejo masuk Parakan – Wonosobo – Dieng</li><li>Jika anda dari arah selatan (Yogyakarta / Purworejo dan sekitarnya) anda bisa melewati Kepil – Wonosobo – Dieng</li></ol>						</div>
				</div>
					</div>
		</div>
				<div class="elementor-column elementor-col-50 elementor-inner-column elementor-element elementor-element-121bc35" data-id="121bc35" data-element_type="column">
			<div class="elementor-widget-wrap elementor-element-populated">
								<div class="elementor-element elementor-element-5c40802 elementor-widget elementor-widget-text-editor" data-id="5c40802" data-element_type="widget" data-widget_type="text-editor.default">
				<div class="elementor-widget-container">
							<p>Dieng di mana adalah pertanyaan yang kerap kali muncul dari kalian yang ingin berwisata ke dieng tapi belum tau di mana alamat wisata Dieng tersebut. Dieng merupakan desa wisata yang dimiliki oleh dua kabupaten yang bersebelahan yaitu Kabupaten Wonosobo dan Kabupaten Banjarnegara. Ke dua kabupaten tersebut berada dalam satu provinsi Jawa Tengah.</p><p>Artikel ini akan membantu menjawab pertanyaan dieng di mana?. Seperti yang sudah terpapar di atas wisata dieng dimiliki oleh dua kabupaten.</p><p>Dieng Wetan /Dieng Timur (masuk wilayah administrasi Kabupaten Wonosobo), di dieng wetan terdapat beberapa destinasi wisata unggulan yang bisa anda kunjungi, diantaranya adalah; Telaga Warna dan telaga Pengilon, Wana wisata Petak sembilan, Dieng Plateau Teater, Bukit Batu pandang ratapan Angin, bukit sikunir dan masih banyak lagi yang lainnya.</p><p>Sementara Dieng Kulon / Dieng Barat (yang masuk wilayah administrasi Kabupaten Banjarnegara) memiliki wisata yang iconic, diantaranya adalah; Komplek candi arjuna, kawah sikidang, museum kailasa, kawah sileri, sumur jalatunda dan masih banyak lagi yang lainnya.</p><p>Bila anda bertanya dieng di mana? Kami akan memberikan beberapa petunjuk arah untuk menuju wisata dieng. Jalur utama yang sering dilewati para wisatawan yang akan berkunjung ke Dieng adalah kota Wonosobo.</p>						</div>
				</div>
					</div>
		</div>
							</div>
		</section>
					</div>
		</div>
							</div>
		</section>
							</div>
		]]></content:encoded>
					
					<wfw:commentRss>./../dieng-culture-festival-wonosobo/feed/index.html</wfw:commentRss>
			<slash:comments>0</slash:comments>
		
		
			</item>
		<item>
		<title>Puncak Festival Balon Udara Wonosobo Digelar 30 April, Gratis untuk Umum</title>
		<link>./../puncak-festival-balon-udara-wonosobo-digelar-30-april-gratis-untuk-umum/index.html</link>
					<comments>./../puncak-festival-balon-udara-wonosobo-digelar-30-april-gratis-untuk-umum/index.html#respond</comments>
		
		<dc:creator><![CDATA[omsisu2003]]></dc:creator>
		<pubDate>Tue, 05 Sep 2023 03:40:20 +0000</pubDate>
				<category><![CDATA[Blog]]></category>
		<guid isPermaLink="false">./../index.html?p=975</guid>

					<description><![CDATA[Festival balon udara Wonosobo uncak festival balon udara Wonosobo bertajuk &#8220;Festival Mudik&#8221; akan digelar pada Minggu (30/4/2023) di Alun-alun Wonosobo, Jalan Pemuda Nomor 2, Wonosobo Timur, Wonosobo, Jawa Tengah. Acara ini bisa dinikmati secara gratis. Dijadwalkan berlangsung pukul 06.00-08.00 WIB, perhelatan ini menjadi puncak dari rangkaian acara balon udara yang berlangsung di berbagai lokasi di [&#8230;]]]></description>
										<content:encoded><![CDATA[		<div data-elementor-type="wp-post" data-elementor-id="975" class="elementor elementor-975">
									<section class="elementor-section elementor-top-section elementor-element elementor-element-61e0550 elementor-section-boxed elementor-section-height-default elementor-section-height-default wpr-particle-no wpr-jarallax-no wpr-parallax-no wpr-sticky-section-no" data-id="61e0550" data-element_type="section">
						<div class="elementor-container elementor-column-gap-default">
					<div class="elementor-column elementor-col-66 elementor-top-column elementor-element elementor-element-e765853" data-id="e765853" data-element_type="column">
			<div class="elementor-widget-wrap elementor-element-populated">
								<div class="elementor-element elementor-element-0654fed elementor-widget elementor-widget-heading" data-id="0654fed" data-element_type="widget" data-widget_type="heading.default">
				<div class="elementor-widget-container">
			<h2 class="elementor-heading-title elementor-size-default">Festival balon udara Wonosobo</h2>		</div>
				</div>
				<section class="elementor-section elementor-inner-section elementor-element elementor-element-1253701 elementor-section-boxed elementor-section-height-default elementor-section-height-default wpr-particle-no wpr-jarallax-no wpr-parallax-no wpr-sticky-section-no" data-id="1253701" data-element_type="section">
						<div class="elementor-container elementor-column-gap-default">
					<div class="elementor-column elementor-col-50 elementor-inner-column elementor-element elementor-element-5856d45" data-id="5856d45" data-element_type="column">
			<div class="elementor-widget-wrap elementor-element-populated">
								<div class="elementor-element elementor-element-2a0ae80 elementor-widget elementor-widget-text-editor" data-id="2a0ae80" data-element_type="widget" data-widget_type="text-editor.default">
				<div class="elementor-widget-container">
							<p>uncak festival balon udara Wonosobo bertajuk &#8220;Festival Mudik&#8221; akan digelar pada Minggu (30/4/2023) di Alun-alun Wonosobo, Jalan Pemuda Nomor 2, Wonosobo Timur, Wonosobo, Jawa Tengah. Acara ini bisa dinikmati secara gratis. Dijadwalkan berlangsung pukul 06.00-08.00 WIB, perhelatan ini menjadi puncak dari rangkaian acara balon udara yang berlangsung di berbagai lokasi di Wonosobo selama delapan hari terakhir.</p>						</div>
				</div>
					</div>
		</div>
				<div class="elementor-column elementor-col-50 elementor-inner-column elementor-element elementor-element-8b07cef" data-id="8b07cef" data-element_type="column">
			<div class="elementor-widget-wrap elementor-element-populated">
								<div class="elementor-element elementor-element-15fe6c8 elementor-widget elementor-widget-image" data-id="15fe6c8" data-element_type="widget" data-widget_type="image.default">
				<div class="elementor-widget-container">
															<img decoding="async" width="960" height="720" src="./../wp-content/uploads/2023/09/Snapinsta.app_343624552_624798155840730_5816198907371886292_n_1080-1024x768.jpg" class="attachment-large size-large wp-image-977" alt="" srcset="./../wp-content/uploads/2023/09/Snapinsta.app_343624552_624798155840730_5816198907371886292_n_1080-1024x768.jpg 1024w, ./../wp-content/uploads/2023/09/Snapinsta.app_343624552_624798155840730_5816198907371886292_n_1080-300x225.jpg 300w, ./../wp-content/uploads/2023/09/Snapinsta.app_343624552_624798155840730_5816198907371886292_n_1080-768x576.jpg 768w, ./../wp-content/uploads/2023/09/Snapinsta.app_343624552_624798155840730_5816198907371886292_n_1080.jpg 1080w" sizes="(max-width: 960px) 100vw, 960px" />															</div>
				</div>
				<div class="elementor-element elementor-element-5b9c5a2 elementor-widget elementor-widget-image" data-id="5b9c5a2" data-element_type="widget" data-widget_type="image.default">
				<div class="elementor-widget-container">
															<img decoding="async" width="857" height="1024" src="./../wp-content/uploads/2023/09/balon-e1693881499781-857x1024.jpeg" class="attachment-large size-large wp-image-942" alt="" srcset="./../wp-content/uploads/2023/09/balon-e1693881499781-857x1024.jpeg 857w, ./../wp-content/uploads/2023/09/balon-e1693881499781-251x300.jpeg 251w, ./../wp-content/uploads/2023/09/balon-e1693881499781-768x918.jpeg 768w, ./../wp-content/uploads/2023/09/balon-e1693881499781.jpeg 1000w" sizes="(max-width: 857px) 100vw, 857px" />															</div>
				</div>
					</div>
		</div>
							</div>
		</section>
					</div>
		</div>
				<div class="elementor-column elementor-col-33 elementor-top-column elementor-element elementor-element-24c20bb" data-id="24c20bb" data-element_type="column">
			<div class="elementor-widget-wrap">
									</div>
		</div>
							</div>
		</section>
							</div>
		]]></content:encoded>
					
					<wfw:commentRss>./../puncak-festival-balon-udara-wonosobo-digelar-30-april-gratis-untuk-umum/feed/index.html</wfw:commentRss>
			<slash:comments>0</slash:comments>
		
		
			</item>
		<item>
		<title>Telaga menjer, telaga indah tersembunyi di wonosobo</title>
		<link>./../elementor-961/index.html</link>
					<comments>./../elementor-961/index.html#respond</comments>
		
		<dc:creator><![CDATA[omsisu2003]]></dc:creator>
		<pubDate>Tue, 05 Sep 2023 03:17:41 +0000</pubDate>
				<category><![CDATA[Blog]]></category>
		<guid isPermaLink="false">./../index.html?p=961</guid>

					<description><![CDATA[Wisata telaga menjer Telaga Menjer adalah sebuah telaga yang terletak di Maron, Garung, Wonosobo, Jawa Tengah. Telaga ini berjarak sekitar 2 kilometer dari ibu kota Kecamatan Garung. Lorem ipsum dolor sit amet, consectetur adipiscing elit. Ut elit tellus, luctus nec ullamcorper mattis, pulvinar dapibus leo.]]></description>
										<content:encoded><![CDATA[		<div data-elementor-type="wp-post" data-elementor-id="961" class="elementor elementor-961">
									<section class="elementor-section elementor-top-section elementor-element elementor-element-06ad7b1 elementor-section-boxed elementor-section-height-default elementor-section-height-default wpr-particle-no wpr-jarallax-no wpr-parallax-no wpr-sticky-section-no" data-id="06ad7b1" data-element_type="section">
						<div class="elementor-container elementor-column-gap-default">
					<div class="elementor-column elementor-col-100 elementor-top-column elementor-element elementor-element-27af790" data-id="27af790" data-element_type="column">
			<div class="elementor-widget-wrap elementor-element-populated">
								<div class="elementor-element elementor-element-87a8cf0 elementor-widget elementor-widget-heading" data-id="87a8cf0" data-element_type="widget" data-widget_type="heading.default">
				<div class="elementor-widget-container">
			<h2 class="elementor-heading-title elementor-size-default">Wisata telaga menjer</h2>		</div>
				</div>
				<section class="elementor-section elementor-inner-section elementor-element elementor-element-1cbfbce elementor-section-boxed elementor-section-height-default elementor-section-height-default wpr-particle-no wpr-jarallax-no wpr-parallax-no wpr-sticky-section-no" data-id="1cbfbce" data-element_type="section">
						<div class="elementor-container elementor-column-gap-default">
					<div class="elementor-column elementor-col-50 elementor-inner-column elementor-element elementor-element-38b33b9" data-id="38b33b9" data-element_type="column">
			<div class="elementor-widget-wrap elementor-element-populated">
								<div class="elementor-element elementor-element-2e5d709 elementor-widget elementor-widget-text-editor" data-id="2e5d709" data-element_type="widget" data-widget_type="text-editor.default">
				<div class="elementor-widget-container">
							<p>Telaga Menjer adalah sebuah telaga yang terletak di Maron, Garung, Wonosobo, Jawa Tengah. Telaga ini berjarak sekitar 2 kilometer dari ibu kota Kecamatan Garung.</p>						</div>
				</div>
				<div class="elementor-element elementor-element-c53e175 elementor-widget elementor-widget-google_maps" data-id="c53e175" data-element_type="widget" data-widget_type="google_maps.default">
				<div class="elementor-widget-container">
			<style>/*! elementor - v3.15.0 - 20-08-2023 */
.elementor-widget-google_maps .elementor-widget-container{overflow:hidden}.elementor-widget-google_maps .elementor-custom-embed{line-height:0}.elementor-widget-google_maps iframe{height:300px}</style>		<div class="elementor-custom-embed">
			<iframe loading="lazy"
					src="https://maps.google.com/maps?q=Telaga%20Menjer%20adalah%20sebuah%20telaga%20yang%20terletak%20di%20Maron%2C%20Garung%2C%20Wonosobo%2C%20Jawa%20Tengah.%20Telaga%20ini%20berjarak%20sekitar%202%20kilometer%20dari%20ibu%20kota%20Kecamatan%20Garung.&#038;t=m&#038;z=10&#038;output=embed&#038;iwloc=near"
					title="Telaga Menjer adalah sebuah telaga yang terletak di Maron, Garung, Wonosobo, Jawa Tengah. Telaga ini berjarak sekitar 2 kilometer dari ibu kota Kecamatan Garung."
					aria-label="Telaga Menjer adalah sebuah telaga yang terletak di Maron, Garung, Wonosobo, Jawa Tengah. Telaga ini berjarak sekitar 2 kilometer dari ibu kota Kecamatan Garung."
			></iframe>
		</div>
				</div>
				</div>
					</div>
		</div>
				<div class="elementor-column elementor-col-50 elementor-inner-column elementor-element elementor-element-222e539" data-id="222e539" data-element_type="column">
			<div class="elementor-widget-wrap elementor-element-populated">
								<div class="elementor-element elementor-element-9bd5912 elementor-widget elementor-widget-image" data-id="9bd5912" data-element_type="widget" data-widget_type="image.default">
				<div class="elementor-widget-container">
															<img decoding="async" loading="lazy" width="960" height="765" src="./../wp-content/uploads/2023/09/telaga-menjer-e1693886655632-1024x816.jpg" class="attachment-large size-large wp-image-941" alt="" srcset="./../wp-content/uploads/2023/09/telaga-menjer-e1693886655632-1024x816.jpg 1024w, ./../wp-content/uploads/2023/09/telaga-menjer-e1693886655632-300x239.jpg 300w, ./../wp-content/uploads/2023/09/telaga-menjer-e1693886655632-768x612.jpg 768w, ./../wp-content/uploads/2023/09/telaga-menjer-e1693886655632.jpg 1080w" sizes="(max-width: 960px) 100vw, 960px" />															</div>
				</div>
					</div>
		</div>
							</div>
		</section>
				<div class="elementor-element elementor-element-3c5f5f4 elementor-widget-divider--view-line elementor-widget elementor-widget-divider" data-id="3c5f5f4" data-element_type="widget" data-widget_type="divider.default">
				<div class="elementor-widget-container">
			<style>/*! elementor - v3.15.0 - 20-08-2023 */
.elementor-widget-divider{--divider-border-style:none;--divider-border-width:1px;--divider-color:#0c0d0e;--divider-icon-size:20px;--divider-element-spacing:10px;--divider-pattern-height:24px;--divider-pattern-size:20px;--divider-pattern-url:none;--divider-pattern-repeat:repeat-x}.elementor-widget-divider .elementor-divider{display:flex}.elementor-widget-divider .elementor-divider__text{font-size:15px;line-height:1;max-width:95%}.elementor-widget-divider .elementor-divider__element{margin:0 var(--divider-element-spacing);flex-shrink:0}.elementor-widget-divider .elementor-icon{font-size:var(--divider-icon-size)}.elementor-widget-divider .elementor-divider-separator{display:flex;margin:0;direction:ltr}.elementor-widget-divider--view-line_icon .elementor-divider-separator,.elementor-widget-divider--view-line_text .elementor-divider-separator{align-items:center}.elementor-widget-divider--view-line_icon .elementor-divider-separator:after,.elementor-widget-divider--view-line_icon .elementor-divider-separator:before,.elementor-widget-divider--view-line_text .elementor-divider-separator:after,.elementor-widget-divider--view-line_text .elementor-divider-separator:before{display:block;content:"";border-bottom:0;flex-grow:1;border-top:var(--divider-border-width) var(--divider-border-style) var(--divider-color)}.elementor-widget-divider--element-align-left .elementor-divider .elementor-divider-separator>.elementor-divider__svg:first-of-type{flex-grow:0;flex-shrink:100}.elementor-widget-divider--element-align-left .elementor-divider-separator:before{content:none}.elementor-widget-divider--element-align-left .elementor-divider__element{margin-left:0}.elementor-widget-divider--element-align-right .elementor-divider .elementor-divider-separator>.elementor-divider__svg:last-of-type{flex-grow:0;flex-shrink:100}.elementor-widget-divider--element-align-right .elementor-divider-separator:after{content:none}.elementor-widget-divider--element-align-right .elementor-divider__element{margin-right:0}.elementor-widget-divider:not(.elementor-widget-divider--view-line_text):not(.elementor-widget-divider--view-line_icon) .elementor-divider-separator{border-top:var(--divider-border-width) var(--divider-border-style) var(--divider-color)}.elementor-widget-divider--separator-type-pattern{--divider-border-style:none}.elementor-widget-divider--separator-type-pattern.elementor-widget-divider--view-line .elementor-divider-separator,.elementor-widget-divider--separator-type-pattern:not(.elementor-widget-divider--view-line) .elementor-divider-separator:after,.elementor-widget-divider--separator-type-pattern:not(.elementor-widget-divider--view-line) .elementor-divider-separator:before,.elementor-widget-divider--separator-type-pattern:not([class*=elementor-widget-divider--view]) .elementor-divider-separator{width:100%;min-height:var(--divider-pattern-height);-webkit-mask-size:var(--divider-pattern-size) 100%;mask-size:var(--divider-pattern-size) 100%;-webkit-mask-repeat:var(--divider-pattern-repeat);mask-repeat:var(--divider-pattern-repeat);background-color:var(--divider-color);-webkit-mask-image:var(--divider-pattern-url);mask-image:var(--divider-pattern-url)}.elementor-widget-divider--no-spacing{--divider-pattern-size:auto}.elementor-widget-divider--bg-round{--divider-pattern-repeat:round}.rtl .elementor-widget-divider .elementor-divider__text{direction:rtl}.e-con-inner>.elementor-widget-divider,.e-con>.elementor-widget-divider{width:var(--container-widget-width,100%);--flex-grow:var(--container-widget-flex-grow)}</style>		<div class="elementor-divider">
			<span class="elementor-divider-separator">
						</span>
		</div>
				</div>
				</div>
					</div>
		</div>
							</div>
		</section>
				<section class="elementor-section elementor-top-section elementor-element elementor-element-c7b333c elementor-section-boxed elementor-section-height-default elementor-section-height-default wpr-particle-no wpr-jarallax-no wpr-parallax-no wpr-sticky-section-no" data-id="c7b333c" data-element_type="section">
						<div class="elementor-container elementor-column-gap-default">
					<div class="elementor-column elementor-col-100 elementor-top-column elementor-element elementor-element-7f05985" data-id="7f05985" data-element_type="column">
			<div class="elementor-widget-wrap elementor-element-populated">
								<div class="elementor-element elementor-element-4e95d8b elementor-widget elementor-widget-text-editor" data-id="4e95d8b" data-element_type="widget" data-widget_type="text-editor.default">
				<div class="elementor-widget-container">
							<p>Lorem ipsum dolor sit amet, consectetur adipiscing elit. Ut elit tellus, luctus nec ullamcorper mattis, pulvinar dapibus leo.</p>						</div>
				</div>
					</div>
		</div>
							</div>
		</section>
							</div>
		]]></content:encoded>
					
					<wfw:commentRss>./../elementor-961/feed/index.html</wfw:commentRss>
			<slash:comments>0</slash:comments>
		
		
			</item>
		<item>
		<title>Summer in New Zealand</title>
		<link>./../summer-in-new-zealand/index.html</link>
					<comments>./../summer-in-new-zealand/index.html#respond</comments>
		
		<dc:creator><![CDATA[omsisu2003]]></dc:creator>
		<pubDate>Fri, 24 Dec 2021 01:54:02 +0000</pubDate>
				<category><![CDATA[Camping]]></category>
		<guid isPermaLink="false">https://demosites.royal-elementor-addons.com/nature-v1/?p=396</guid>

					<description><![CDATA[Sed a rutrum neque, non euismod lorem. Nam dapibus mi ut ligula interdum laoreet. Sed sollicitudin metus nec massa venenatis tincidunt. Donec mollis augue vel tellus ultrices aliquet. Curabitur non nibh in enim lacinia porttitor non eget lorem. Donec tincidunt felis ac sapien ullamcorper tempus. In orci enim, iaculis sit amet turpis nec, vestibulum condimentum [&#8230;]]]></description>
										<content:encoded><![CDATA[		<div data-elementor-type="wp-post" data-elementor-id="396" class="elementor elementor-396">
									<section class="elementor-section elementor-top-section elementor-element elementor-element-52c880f1 elementor-section-boxed elementor-section-height-default elementor-section-height-default wpr-particle-no wpr-jarallax-no wpr-parallax-no wpr-sticky-section-no" data-id="52c880f1" data-element_type="section">
						<div class="elementor-container elementor-column-gap-default">
					<div class="elementor-column elementor-col-100 elementor-top-column elementor-element elementor-element-7e79274f" data-id="7e79274f" data-element_type="column">
			<div class="elementor-widget-wrap elementor-element-populated">
								<div class="elementor-element elementor-element-105cbc38 elementor-widget elementor-widget-text-editor" data-id="105cbc38" data-element_type="widget" data-widget_type="text-editor.default">
				<div class="elementor-widget-container">
							<!-- wp:paragraph -->
<p><!-- wp:paragraph --></p>
<p>Sed a rutrum neque, non euismod lorem. Nam dapibus mi ut ligula interdum laoreet. Sed sollicitudin metus nec massa venenatis tincidunt. Donec mollis augue vel tellus ultrices aliquet. Curabitur non nibh in enim lacinia porttitor non eget lorem. Donec tincidunt felis ac sapien ullamcorper tempus. In orci enim, iaculis sit amet turpis nec, vestibulum condimentum ipsum. Suspendisse lorem odio, imperdiet eu viverra ut, hendrerit at ante. Duis at quam quis diam ullamcorper rutrum. Sed dignissim dolor augue, id volutpat urna eleifend non. Mauris interdum rhoncus risus, nec gravida metus tempor sit amet. Donec tristique mollis odio, sed interdum purus tincidunt ut. Integer ex odio, aliquam fermentum accumsan sed, fermentum vitae lectus. Maecenas pulvinar facilisis congue.Lorem ipsum dolor sit amet, consectetur adipiscing elit. Morbi eu mattis tortor, eget dignissim lacus. Maecenas finibus lorem ut ligula gravida, et porttitor nulla semper. Vivamus risus elit, luctus placerat lorem sit amet, auctor maximus purus. In viverra varius tincidunt. Curabitur ut commodo leo, eget malesuada massa. Etiam auctor viverra porta. Praesent non turpis sed ex egestas congue sed sed purus. Maecenas elementum orci sapien, ut hendreri.</p>
<p><!-- /wp:paragraph --></p>
<!-- /wp:paragraph -->						</div>
				</div>
					</div>
		</div>
							</div>
		</section>
							</div>
		]]></content:encoded>
					
					<wfw:commentRss>./../summer-in-new-zealand/feed/index.html</wfw:commentRss>
			<slash:comments>0</slash:comments>
		
		
			</item>
		<item>
		<title>River Activities</title>
		<link>./../river-activities/index.html</link>
					<comments>./../river-activities/index.html#respond</comments>
		
		<dc:creator><![CDATA[omsisu2003]]></dc:creator>
		<pubDate>Fri, 24 Dec 2021 01:50:40 +0000</pubDate>
				<category><![CDATA[Surfing]]></category>
		<guid isPermaLink="false">https://demosites.royal-elementor-addons.com/nature-v1/?p=393</guid>

					<description><![CDATA[]]></description>
										<content:encoded><![CDATA[		<div data-elementor-type="wp-post" data-elementor-id="393" class="elementor elementor-393">
									<section class="elementor-section elementor-top-section elementor-element elementor-element-73702d1d elementor-section-boxed elementor-section-height-default elementor-section-height-default wpr-particle-no wpr-jarallax-no wpr-parallax-no wpr-sticky-section-no" data-id="73702d1d" data-element_type="section">
						<div class="elementor-container elementor-column-gap-default">
					<div class="elementor-column elementor-col-100 elementor-top-column elementor-element elementor-element-51768cb2" data-id="51768cb2" data-element_type="column">
			<div class="elementor-widget-wrap elementor-element-populated">
								<div class="elementor-element elementor-element-8d14436 elementor-widget elementor-widget-text-editor" data-id="8d14436" data-element_type="widget" data-widget_type="text-editor.default">
				<div class="elementor-widget-container">
							<!-- wp:paragraph -->
<p><!-- wp:paragraph --></p>
<p><!-- wp:paragraph --></p>
<p>Sed a rutrum neque, non euismod lorem. Nam dapibus mi ut ligula interdum laoreet. Sed sollicitudin metus nec massa venenatis tincidunt. Donec mollis augue vel tellus ultrices aliquet. Curabitur non nibh in enim lacinia porttitor non eget lorem. Donec tincidunt felis ac sapien ullamcorper tempus. In orci enim, iaculis sit amet turpis nec, vestibulum condimentum ipsum. Suspendisse lorem odio, imperdiet eu viverra ut, hendrerit at ante. Duis at quam quis diam ullamcorper rutrum. Sed dignissim dolor augue, id volutpat urna eleifend non. Mauris interdum rhoncus risus, nec gravida metus tempor sit amet. Donec tristique mollis odio, sed interdum purus tincidunt ut. Integer ex odio, aliquam fermentum accumsan sed, fermentum vitae lectus. Maecenas pulvinar facilisis congue.Lorem ipsum dolor sit amet, consectetur adipiscing elit. Morbi eu mattis tortor, eget dignissim lacus. Maecenas finibus lorem ut ligula gravida, et porttitor nulla semper. Vivamus risus elit, luctus placerat lorem sit amet, auctor maximus purus. In viverra varius tincidunt. Curabitur ut commodo leo, eget malesuada massa. Etiam auctor viverra porta. Praesent non turpis sed ex egestas congue sed sed purus. Maecenas elementum orci sapien, ut hendreri.</p>
<p><!-- /wp:paragraph --></p>
<!-- /wp:paragraph -->						</div>
				</div>
					</div>
		</div>
							</div>
		</section>
							</div>
		]]></content:encoded>
					
					<wfw:commentRss>./../river-activities/feed/index.html</wfw:commentRss>
			<slash:comments>0</slash:comments>
		
		
			</item>
		<item>
		<title>Winter Travel Guide</title>
		<link>./../winter-travel-guide/index.html</link>
					<comments>./../winter-travel-guide/index.html#respond</comments>
		
		<dc:creator><![CDATA[omsisu2003]]></dc:creator>
		<pubDate>Fri, 24 Dec 2021 01:45:43 +0000</pubDate>
				<category><![CDATA[Camping]]></category>
		<category><![CDATA[Surfing]]></category>
		<guid isPermaLink="false">https://demosites.royal-elementor-addons.com/nature-v1/?p=391</guid>

					<description><![CDATA[Sed a rutrum neque, non euismod lorem. Nam dapibus mi ut ligula interdum laoreet. Sed sollicitudin metus nec massa venenatis tincidunt. Donec mollis augue vel tellus ultrices aliquet. Curabitur non nibh in enim lacinia porttitor non eget lorem. Donec tincidunt felis ac sapien ullamcorper tempus. In orci enim, iaculis sit amet turpis nec, vestibulum condimentum [&#8230;]]]></description>
										<content:encoded><![CDATA[		<div data-elementor-type="wp-post" data-elementor-id="391" class="elementor elementor-391">
									<section class="elementor-section elementor-top-section elementor-element elementor-element-422da115 elementor-section-boxed elementor-section-height-default elementor-section-height-default wpr-particle-no wpr-jarallax-no wpr-parallax-no wpr-sticky-section-no" data-id="422da115" data-element_type="section">
						<div class="elementor-container elementor-column-gap-default">
					<div class="elementor-column elementor-col-100 elementor-top-column elementor-element elementor-element-4261b3a3" data-id="4261b3a3" data-element_type="column">
			<div class="elementor-widget-wrap elementor-element-populated">
								<div class="elementor-element elementor-element-555ae9ff elementor-widget elementor-widget-text-editor" data-id="555ae9ff" data-element_type="widget" data-widget_type="text-editor.default">
				<div class="elementor-widget-container">
							<!-- wp:paragraph -->
<p><!-- wp:paragraph --></p>
<p>Sed a rutrum neque, non euismod lorem. Nam dapibus mi ut ligula interdum laoreet. Sed sollicitudin metus nec massa venenatis tincidunt. Donec mollis augue vel tellus ultrices aliquet. Curabitur non nibh in enim lacinia porttitor non eget lorem. Donec tincidunt felis ac sapien ullamcorper tempus. In orci enim, iaculis sit amet turpis nec, vestibulum condimentum ipsum. Suspendisse lorem odio, imperdiet eu viverra ut, hendrerit at ante. Duis at quam quis diam ullamcorper rutrum. Sed dignissim dolor augue, id volutpat urna eleifend non. Mauris interdum rhoncus risus, nec gravida metus tempor sit amet. Donec tristique mollis odio, sed interdum purus tincidunt ut. Integer ex odio, aliquam fermentum accumsan sed, fermentum vitae lectus. Maecenas pulvinar facilisis congue.Lorem ipsum dolor sit amet, consectetur adipiscing elit. Morbi eu mattis tortor, eget dignissim lacus. Maecenas finibus lorem ut ligula gravida, et porttitor nulla semper. Vivamus risus elit, luctus placerat lorem sit amet, auctor maximus purus. In viverra varius tincidunt. Curabitur ut commodo leo, eget malesuada massa. Etiam auctor viverra porta. Praesent non turpis sed ex egestas congue sed sed purus. Maecenas elementum orci sapien, ut hendreri.</p>
<p><!-- /wp:paragraph --></p>
<!-- /wp:paragraph -->						</div>
				</div>
					</div>
		</div>
							</div>
		</section>
							</div>
		]]></content:encoded>
					
					<wfw:commentRss>./../winter-travel-guide/feed/index.html</wfw:commentRss>
			<slash:comments>0</slash:comments>
		
		
			</item>
		<item>
		<title>Rocky Mountains</title>
		<link>./../rocky-mountains/index.html</link>
					<comments>./../rocky-mountains/index.html#respond</comments>
		
		<dc:creator><![CDATA[omsisu2003]]></dc:creator>
		<pubDate>Fri, 24 Dec 2021 01:39:26 +0000</pubDate>
				<category><![CDATA[Hiking]]></category>
		<guid isPermaLink="false">https://demosites.royal-elementor-addons.com/nature-v1/?p=380</guid>

					<description><![CDATA[Sed a rutrum neque, non euismod lorem. Nam dapibus mi ut ligula interdum laoreet. Sed sollicitudin metus nec massa venenatis tincidunt. Donec mollis augue vel tellus ultrices aliquet. Curabitur non nibh in enim lacinia porttitor non eget lorem. Donec tincidunt felis ac sapien ullamcorper tempus. In orci enim, iaculis sit amet turpis nec, vestibulum condimentum [&#8230;]]]></description>
										<content:encoded><![CDATA[		<div data-elementor-type="wp-post" data-elementor-id="380" class="elementor elementor-380">
									<section class="elementor-section elementor-top-section elementor-element elementor-element-70ae2f04 elementor-section-boxed elementor-section-height-default elementor-section-height-default wpr-particle-no wpr-jarallax-no wpr-parallax-no wpr-sticky-section-no" data-id="70ae2f04" data-element_type="section">
						<div class="elementor-container elementor-column-gap-default">
					<div class="elementor-column elementor-col-100 elementor-top-column elementor-element elementor-element-b56635d" data-id="b56635d" data-element_type="column">
			<div class="elementor-widget-wrap elementor-element-populated">
								<div class="elementor-element elementor-element-432f6030 elementor-widget elementor-widget-text-editor" data-id="432f6030" data-element_type="widget" data-widget_type="text-editor.default">
				<div class="elementor-widget-container">
							<!-- wp:paragraph -->
<p><!-- wp:paragraph --></p>
<p>Sed a rutrum neque, non euismod lorem. Nam dapibus mi ut ligula interdum laoreet. Sed sollicitudin metus nec massa venenatis tincidunt. Donec mollis augue vel tellus ultrices aliquet. Curabitur non nibh in enim lacinia porttitor non eget lorem. Donec tincidunt felis ac sapien ullamcorper tempus. In orci enim, iaculis sit amet turpis nec, vestibulum condimentum ipsum. Suspendisse lorem odio, imperdiet eu viverra ut, hendrerit at ante. Duis at quam quis diam ullamcorper rutrum. Sed dignissim dolor augue, id volutpat urna eleifend non. Mauris interdum rhoncus risus, nec gravida metus tempor sit amet. Donec tristique mollis odio, sed interdum purus tincidunt ut. Integer ex odio, aliquam fermentum accumsan sed, fermentum vitae lectus. Maecenas pulvinar facilisis congue.Lorem ipsum dolor sit amet, consectetur adipiscing elit. Morbi eu mattis tortor, eget dignissim lacus. Maecenas finibus lorem ut ligula gravida, et porttitor nulla semper. Vivamus risus elit, luctus placerat lorem sit amet, auctor maximus purus. In viverra varius tincidunt. Curabitur ut commodo leo, eget malesuada massa. Etiam auctor viverra porta. Praesent non turpis sed ex egestas congue sed sed purus. Maecenas elementum orci sapien, ut hendreri.</p>
<p><!-- /wp:paragraph --></p>
<!-- /wp:paragraph -->						</div>
				</div>
					</div>
		</div>
							</div>
		</section>
							</div>
		]]></content:encoded>
					
					<wfw:commentRss>./../rocky-mountains/feed/index.html</wfw:commentRss>
			<slash:comments>0</slash:comments>
		
		
			</item>
		<item>
		<title>Winter Destinations</title>
		<link>./../winter-destinations/index.html</link>
					<comments>./../winter-destinations/index.html#respond</comments>
		
		<dc:creator><![CDATA[omsisu2003]]></dc:creator>
		<pubDate>Fri, 24 Dec 2021 01:37:23 +0000</pubDate>
				<category><![CDATA[Hiking]]></category>
		<guid isPermaLink="false">https://demosites.royal-elementor-addons.com/nature-v1/?p=378</guid>

					<description><![CDATA[Sed a rutrum neque, non euismod lorem. Nam dapibus mi ut ligula interdum laoreet. Sed sollicitudin metus nec massa venenatis tincidunt. Donec mollis augue vel tellus ultrices aliquet. Curabitur non nibh in enim lacinia porttitor non eget lorem. Donec tincidunt felis ac sapien ullamcorper tempus. In orci enim, iaculis sit amet turpis nec, vestibulum condimentum [&#8230;]]]></description>
										<content:encoded><![CDATA[		<div data-elementor-type="wp-post" data-elementor-id="378" class="elementor elementor-378">
									<section class="elementor-section elementor-top-section elementor-element elementor-element-1815da3d elementor-section-boxed elementor-section-height-default elementor-section-height-default wpr-particle-no wpr-jarallax-no wpr-parallax-no wpr-sticky-section-no" data-id="1815da3d" data-element_type="section">
						<div class="elementor-container elementor-column-gap-default">
					<div class="elementor-column elementor-col-100 elementor-top-column elementor-element elementor-element-1dd85548" data-id="1dd85548" data-element_type="column">
			<div class="elementor-widget-wrap elementor-element-populated">
								<div class="elementor-element elementor-element-3e330ed elementor-widget elementor-widget-text-editor" data-id="3e330ed" data-element_type="widget" data-widget_type="text-editor.default">
				<div class="elementor-widget-container">
							<!-- wp:paragraph -->
<p><!-- wp:paragraph --></p>
<p>Sed a rutrum neque, non euismod lorem. Nam dapibus mi ut ligula interdum laoreet. Sed sollicitudin metus nec massa venenatis tincidunt. Donec mollis augue vel tellus ultrices aliquet. Curabitur non nibh in enim lacinia porttitor non eget lorem. Donec tincidunt felis ac sapien ullamcorper tempus. In orci enim, iaculis sit amet turpis nec, vestibulum condimentum ipsum. Suspendisse lorem odio, imperdiet eu viverra ut, hendrerit at ante. Duis at quam quis diam ullamcorper rutrum. Sed dignissim dolor augue, id volutpat urna eleifend non. Mauris interdum rhoncus risus, nec gravida metus tempor sit amet. Donec tristique mollis odio, sed interdum purus tincidunt ut. Integer ex odio, aliquam fermentum accumsan sed, fermentum vitae lectus. Maecenas pulvinar facilisis congue.Lorem ipsum dolor sit amet, consectetur adipiscing elit. Morbi eu mattis tortor, eget dignissim lacus. Maecenas finibus lorem ut ligula gravida, et porttitor nulla semper. Vivamus risus elit, luctus placerat lorem sit amet, auctor maximus purus. In viverra varius tincidunt. Curabitur ut commodo leo, eget malesuada massa. Etiam auctor viverra porta. Praesent non turpis sed ex egestas congue sed sed purus. Maecenas elementum orci sapien, ut hendreri.</p>
<p><!-- /wp:paragraph --></p>
<!-- /wp:paragraph -->						</div>
				</div>
					</div>
		</div>
							</div>
		</section>
							</div>
		]]></content:encoded>
					
					<wfw:commentRss>./../winter-destinations/feed/index.html</wfw:commentRss>
			<slash:comments>0</slash:comments>
		
		
			</item>
	</channel>
</rss>
